
  CREATE TABLE "TEACHES" 
   (	"PSSN" NUMBER(20,0), 
	"C_ID" NUMBER(5,0)
   ) ;

  CREATE TABLE "TAKES" 
   (	"STUD_ID" NUMBER(5,0), 
	"C_ID" NUMBER(5,0)
   ) ;


  CREATE TABLE "STUDENT" 
   (	"STUDENT_ID" NUMBER(20,0), 
	"PHONE_NUMBER" NUMBER(20,0), 
	"DOB" DATE, 
	"FIRST_NAME" CHAR(10), 
	"LAST_NAME" CHAR(10), 
	"GRADE" NUMBER(1,0), 
	"EMAIL" CHAR(50), 
	"GENDER" CHAR(1), 
	"CITY" CHAR(10), 
	"STREET_NUMBER" NUMBER(20,0), 
	"DEPARTMENT_ID" NUMBER(20,0)
   ) ;


  CREATE TABLE "FACULTY_EMPLOYEES" 
   (	"ESSN" NUMBER(20,0), 
	"FNAME" VARCHAR2(20), 
	"LNAME" VARCHAR2(20), 
	"SUPER_SSN" NUMBER(20,0), 
	"SALARY" NUMBER(6,0), 
	"DOB" DATE, 
	"GENDER" CHAR(1), 
	"DEPT_ID" NUMBER(20,0)
   ) ;


  CREATE TABLE "EMP_PHONENUMBER" 
   (	"ESSN" NUMBER(20,0), 
	"EMP_PHONENUMBER" NUMBER(20,0)
   ) ;


  CREATE TABLE "DEPARTMENT" 
   (	"DEPARTMENT_ID" NUMBER(20,0), 
	"DEPNAME" VARCHAR2(20), 
	"EMPLOYEE_SSN" NUMBER(20,0)
   ) ;


  CREATE TABLE "COURSE" 
   (	"COURSE_ID" NUMBER(20,0), 
	"CREDIT_HOURS" NUMBER, 
	"CLASS" NUMBER(2,0), 
	"BUILDING" NUMBER
   ) ;


  CREATE TABLE "PROFESSOR" 
   (	"PROF_SSN" NUMBER(20,0), 
	"FIRST_NAME" VARCHAR2(15), 
	"LAST_NAME" VARCHAR2(15), 
	"DOB" DATE, 
	"GENDER" CHAR(1), 
	"STREET_NUMBER" NUMBER(10,0), 
	"CITY" VARCHAR2(15), 
	"SALARY" NUMBER(10,0), 
	"DEPT_ID" NUMBER(20,0)
   ) ;

Insert into FACULTY_EMPLOYEES (ESSN,FNAME,LNAME,SUPER_SSN,SALARY,DOB,GENDER,DEPT_ID) values (23,'Rewan','Alaa',null,3800,to_timestamp('30-MAR-93 12.00.00.000000000 AM','DD-MON-RR HH.MI.SS.FF AM'),'f',1);
Insert into FACULTY_EMPLOYEES (ESSN,FNAME,LNAME,SUPER_SSN,SALARY,DOB,GENDER,DEPT_ID) values (24,'Reem','Ali',null,3600,to_timestamp('27-MAR-94 12.00.00.000000000 AM','DD-MON-RR HH.MI.SS.FF AM'),'f',3);
Insert into FACULTY_EMPLOYEES (ESSN,FNAME,LNAME,SUPER_SSN,SALARY,DOB,GENDER,DEPT_ID) values (20,'Khaled','Nagy',21,2000,to_timestamp('08-JAN-97 12.00.00.000000000 AM','DD-MON-RR HH.MI.SS.FF AM'),'f',1);
Insert into FACULTY_EMPLOYEES (ESSN,FNAME,LNAME,SUPER_SSN,SALARY,DOB,GENDER,DEPT_ID) values (21,'Hussein','Hatem',null,5000,to_timestamp('28-JAN-99 12.00.00.000000000 AM','DD-MON-RR HH.MI.SS.FF AM'),'m',2);
Insert into FACULTY_EMPLOYEES (ESSN,FNAME,LNAME,SUPER_SSN,SALARY,DOB,GENDER,DEPT_ID) values (22,'Rawan','Ali',21,3500,to_timestamp('08-MAR-93 12.00.00.000000000 AM','DD-MON-RR HH.MI.SS.FF AM'),'f',3);


Insert into TEACHES (PSSN,C_ID) values (24,101);
Insert into TEACHES (PSSN,C_ID) values (20,102);
Insert into TEACHES (PSSN,C_ID) values (24,103);
Insert into TEACHES (PSSN,C_ID) values (22,104);



Insert into EMP_PHONENUMBER (ESSN,EMP_PHONENUMBER) values (20,1004784050);
Insert into EMP_PHONENUMBER (ESSN,EMP_PHONENUMBER) values (21,1151009080);
Insert into EMP_PHONENUMBER (ESSN,EMP_PHONENUMBER) values (22,1144005677);


Insert into COURSE (COURSE_ID,CREDIT_HOURS,CLASS,BUILDING) values (101,4,3,1);
Insert into COURSE (COURSE_ID,CREDIT_HOURS,CLASS,BUILDING) values (102,3,5,8);
Insert into COURSE (COURSE_ID,CREDIT_HOURS,CLASS,BUILDING) values (103,2,7,9);
Insert into COURSE (COURSE_ID,CREDIT_HOURS,CLASS,BUILDING) values (104,4,3,1);



Insert into DEPARTMENT (DEPARTMENT_ID,DEPNAME,EMPLOYEE_SSN) values (1,'AI',20);
Insert into DEPARTMENT (DEPARTMENT_ID,DEPNAME,EMPLOYEE_SSN) values (2,'CS',21);
Insert into DEPARTMENT (DEPARTMENT_ID,DEPNAME,EMPLOYEE_SSN) values (3,'BIO',22);


Insert into TAKES (STUD_ID,C_ID) values (103,101);
Insert into TAKES (STUD_ID,C_ID) values (102,103);
Insert into TAKES (STUD_ID,C_ID) values (101,104);
Insert into TAKES (STUD_ID,C_ID) values (103,104);



Insert into STUDENT (STUDENT_ID,PHONE_NUMBER,DOB,FIRST_NAME,LAST_NAME,GRADE,EMAIL,GENDER,CITY,STREET_NUMBER,DEPARTMENT_ID) values (101,1001791732,to_timestamp('15-JAN-97 12.00.00.000000000 AM','DD-MON-RR HH.MI.SS.FF AM'),'ahmed     ','ali       ',1,'ahmedali@123.com                                  ','m','cairo     ',23,2);
Insert into STUDENT (STUDENT_ID,PHONE_NUMBER,DOB,FIRST_NAME,LAST_NAME,GRADE,EMAIL,GENDER,CITY,STREET_NUMBER,DEPARTMENT_ID) values (102,1001791766,to_timestamp('20-JAN-97 12.00.00.000000000 AM','DD-MON-RR HH.MI.SS.FF AM'),'omar      ','hussein   ',5,'omarhuss@123.com                                  ','m','cairo     ',40,3);
Insert into STUDENT (STUDENT_ID,PHONE_NUMBER,DOB,FIRST_NAME,LAST_NAME,GRADE,EMAIL,GENDER,CITY,STREET_NUMBER,DEPARTMENT_ID) values (103,1001661732,to_timestamp('08-JAN-97 12.00.00.000000000 AM','DD-MON-RR HH.MI.SS.FF AM'),'alaa      ','ali       ',1,'alaaali@123.com                                   ','f','cairo     ',22,1);


Insert into PROFESSOR (PROF_SSN,FIRST_NAME,LAST_NAME,DOB,GENDER,STREET_NUMBER,CITY,SALARY,DEPT_ID) values (20,'Laila','Khaled',to_timestamp('01-JAN-97 12.00.00.000000000 AM','DD-MON-RR HH.MI.SS.FF AM'),'F',15,'Cairo',20000,2);
Insert into PROFESSOR (PROF_SSN,FIRST_NAME,LAST_NAME,DOB,GENDER,STREET_NUMBER,CITY,SALARY,DEPT_ID) values (22,'Mariam','Omar',to_timestamp('12-JAN-97 12.00.00.000000000 AM','DD-MON-RR HH.MI.SS.FF AM'),'F',21,'Cairo',25000,3);
Insert into PROFESSOR (PROF_SSN,FIRST_NAME,LAST_NAME,DOB,GENDER,STREET_NUMBER,CITY,SALARY,DEPT_ID) values (24,'Hla','Hatem',to_timestamp('15-JAN-97 12.00.00.000000000 AM','DD-MON-RR HH.MI.SS.FF AM'),'F',16,'Cairo',50000,3);


  ALTER TABLE "TEACHES" ADD PRIMARY KEY ("C_ID", "PSSN");


  ALTER TABLE "TAKES" ADD PRIMARY KEY ("C_ID", "STUD_ID") ;

  ALTER TABLE "STUDENT" MODIFY ("DOB" NOT NULL );
 
  ALTER TABLE "STUDENT" MODIFY ("FIRST_NAME" NOT NULL );
 
  ALTER TABLE "STUDENT" MODIFY ("GRADE" NOT NULL );
 
  ALTER TABLE "STUDENT" ADD PRIMARY KEY ("STUDENT_ID") ;


  ALTER TABLE "FACULTY_EMPLOYEES" MODIFY ("FNAME" NOT NULL );
 
  ALTER TABLE "FACULTY_EMPLOYEES" MODIFY ("DOB" NOT NULL );
 
  ALTER TABLE "FACULTY_EMPLOYEES" ADD PRIMARY KEY ("ESSN") ;


  ALTER TABLE "EMP_PHONENUMBER" ADD PRIMARY KEY ("ESSN", "EMP_PHONENUMBER") ;


  ALTER TABLE "DEPARTMENT" MODIFY ("DEPNAME" NOT NULL );
 
  ALTER TABLE "DEPARTMENT" ADD PRIMARY KEY ("DEPARTMENT_ID") ;


  ALTER TABLE "COURSE" ADD PRIMARY KEY ("COURSE_ID") ;


  ALTER TABLE "PROFESSOR" MODIFY ("FIRST_NAME" NOT NULL );
 
  ALTER TABLE "PROFESSOR" MODIFY ("DOB" NOT NULL );
 
  ALTER TABLE "PROFESSOR" MODIFY ("CITY" NOT NULL );
 
  ALTER TABLE "PROFESSOR" MODIFY ("SALARY" NOT NULL );
 
  ALTER TABLE "PROFESSOR" ADD CHECK (Salary >0) ;
 
  ALTER TABLE "PROFESSOR" ADD PRIMARY KEY ("PROF_SSN") ;


  ALTER TABLE "TEACHES" ADD FOREIGN KEY ("PSSN")
	  REFERENCES "PROFESSOR" ("PROF_SSN") ;
 
  ALTER TABLE "TEACHES" ADD FOREIGN KEY ("C_ID")
	  REFERENCES "COURSE" ("COURSE_ID") ;


  ALTER TABLE "TAKES" ADD FOREIGN KEY ("STUD_ID")
	  REFERENCES "STUDENT" ("STUDENT_ID") ;
 
  ALTER TABLE "TAKES" ADD FOREIGN KEY ("C_ID")
	  REFERENCES "COURSE" ("COURSE_ID") ;


  ALTER TABLE "STUDENT" ADD FOREIGN KEY ("DEPARTMENT_ID")
	  REFERENCES "DEPARTMENT" ("DEPARTMENT_ID") ;

  ALTER TABLE "FACULTY_EMPLOYEES" ADD FOREIGN KEY ("SUPER_SSN")
	  REFERENCES "FACULTY_EMPLOYEES" ("ESSN") ;
 
  ALTER TABLE "FACULTY_EMPLOYEES" ADD FOREIGN KEY ("DEPT_ID")
	  REFERENCES "DEPARTMENT" ("DEPARTMENT_ID") ;

  ALTER TABLE "EMP_PHONENUMBER" ADD FOREIGN KEY ("ESSN")
	  REFERENCES "FACULTY_EMPLOYEES" ("ESSN") ;

  ALTER TABLE "DEPARTMENT" ADD FOREIGN KEY ("EMPLOYEE_SSN")
	  REFERENCES "FACULTY_EMPLOYEES" ("ESSN") ;

  ALTER TABLE "PROFESSOR" ADD FOREIGN KEY ("DEPT_ID")
	  REFERENCES "DEPARTMENT" ("DEPARTMENT_ID") ;
